keyword,evidence,clicks,impressions,average_position,intent,stage,business_value,organic_difficulty,preferred_destination,keyword_role,related_entities,priority,next_action
i need the link,Supplied Queries.csv; page association not established,1,1,1,Unknown,Unknown,Unknown,Unmeasured,,Do not target,,LOW,One irrelevant-looking disclosed click; do not build content around it
edit pdf on phone,Supplied Queries.csv; page association not established,0,4,64.25,Informational,Solve a workflow,High product fit; generic document/file queries are ambiguous,Unmeasured,/guides/how-to-edit-a-pdf-on-mobile,Secondary,PDF; Android; iPhone; file picker; download; original text; annotations,HIGH,Publish existing local revision; use page-filtered GSC data; keep variants on one guide
how can i edit a pdf file on my phone,Supplied Queries.csv; page association not established,0,2,50.5,Informational,Solve a workflow,High product fit; generic document/file queries are ambiguous,Unmeasured,/guides/how-to-edit-a-pdf-on-mobile,Secondary,PDF; Android; iPhone; file picker; download; original text; annotations,HIGH,Publish existing local revision; use page-filtered GSC data; keep variants on one guide
how to edit a pdf on android,Supplied Queries.csv; page association not established,0,2,51.5,Informational,Solve a workflow,High product fit; generic document/file queries are ambiguous,Unmeasured,/guides/how-to-edit-a-pdf-on-mobile,Secondary,PDF; Android; iPhone; file picker; download; original text; annotations,HIGH,Publish existing local revision; use page-filtered GSC data; keep variants on one guide
how to edit pdf on android,Supplied Queries.csv; page association not established,0,2,52,Informational,Solve a workflow,High product fit; generic document/file queries are ambiguous,Unmeasured,/guides/how-to-edit-a-pdf-on-mobile,Secondary,PDF; Android; iPhone; file picker; download; original text; annotations,HIGH,Publish existing local revision; use page-filtered GSC data; keep variants on one guide
how to edit pdf file in mobile,Supplied Queries.csv; page association not established,0,2,52.5,Informational,Solve a workflow,High product fit; generic document/file queries are ambiguous,Unmeasured,/guides/how-to-edit-a-pdf-on-mobile,Secondary,PDF; Android; iPhone; file picker; download; original text; annotations,HIGH,Publish existing local revision; use page-filtered GSC data; keep variants on one guide
how to edit a pdf on your phone,Supplied Queries.csv; page association not established,0,2,54,Informational,Solve a workflow,High product fit; generic document/file queries are ambiguous,Unmeasured,/guides/how-to-edit-a-pdf-on-mobile,Primary cluster phrase,PDF; Android; iPhone; file picker; download; original text; annotations,HIGH,Publish existing local revision; use page-filtered GSC data; keep variants on one guide
how to edit a pdf on phone,Supplied Queries.csv; page association not established,0,1,29,Informational,Solve a workflow,High product fit; generic document/file queries are ambiguous,Unmeasured,/guides/how-to-edit-a-pdf-on-mobile,Secondary,PDF; Android; iPhone; file picker; download; original text; annotations,HIGH,Publish existing local revision; use page-filtered GSC data; keep variants on one guide
how do i edit a document on my phone,Supplied Queries.csv; page association not established,0,1,35,Informational,Solve a workflow,High product fit; generic document/file queries are ambiguous,Unmeasured,/guides/how-to-edit-a-pdf-on-mobile,Secondary,PDF; Android; iPhone; file picker; download; original text; annotations,HIGH,Publish existing local revision; use page-filtered GSC data; keep variants on one guide
how to edit pdf in phone,Supplied Queries.csv; page association not established,0,1,37,Informational,Solve a workflow,High product fit; generic document/file queries are ambiguous,Unmeasured,/guides/how-to-edit-a-pdf-on-mobile,Secondary,PDF; Android; iPhone; file picker; download; original text; annotations,HIGH,Publish existing local revision; use page-filtered GSC data; keep variants on one guide
how to edit a file on my phone,Supplied Queries.csv; page association not established,0,1,43,Informational,Solve a workflow,High product fit; generic document/file queries are ambiguous,Unmeasured,/guides/how-to-edit-a-pdf-on-mobile,Secondary,PDF; Android; iPhone; file picker; download; original text; annotations,HIGH,Publish existing local revision; use page-filtered GSC data; keep variants on one guide
how do i edit a pdf on my phone,Supplied Queries.csv; page association not established,0,1,45,Informational,Solve a workflow,High product fit; generic document/file queries are ambiguous,Unmeasured,/guides/how-to-edit-a-pdf-on-mobile,Secondary,PDF; Android; iPhone; file picker; download; original text; annotations,HIGH,Publish existing local revision; use page-filtered GSC data; keep variants on one guide
how to edit a pdf document on phone,Supplied Queries.csv; page association not established,0,1,46,Informational,Solve a workflow,High product fit; generic document/file queries are ambiguous,Unmeasured,/guides/how-to-edit-a-pdf-on-mobile,Secondary,PDF; Android; iPhone; file picker; download; original text; annotations,HIGH,Publish existing local revision; use page-filtered GSC data; keep variants on one guide
how to edit a pdf on my phone,Supplied Queries.csv; page association not established,0,1,47,Informational,Solve a workflow,High product fit; generic document/file queries are ambiguous,Unmeasured,/guides/how-to-edit-a-pdf-on-mobile,Secondary,PDF; Android; iPhone; file picker; download; original text; annotations,HIGH,Publish existing local revision; use page-filtered GSC data; keep variants on one guide
how to edit pdf file on phone,Supplied Queries.csv; page association not established,0,1,48,Informational,Solve a workflow,High product fit; generic document/file queries are ambiguous,Unmeasured,/guides/how-to-edit-a-pdf-on-mobile,Secondary,PDF; Android; iPhone; file picker; download; original text; annotations,HIGH,Publish existing local revision; use page-filtered GSC data; keep variants on one guide
how can i edit a pdf on my phone,Supplied Queries.csv; page association not established,0,1,49,Informational,Solve a workflow,High product fit; generic document/file queries are ambiguous,Unmeasured,/guides/how-to-edit-a-pdf-on-mobile,Secondary,PDF; Android; iPhone; file picker; download; original text; annotations,HIGH,Publish existing local revision; use page-filtered GSC data; keep variants on one guide
how do i edit a pdf file on my phone,Supplied Queries.csv; page association not established,0,1,50,Informational,Solve a workflow,High product fit; generic document/file queries are ambiguous,Unmeasured,/guides/how-to-edit-a-pdf-on-mobile,Secondary,PDF; Android; iPhone; file picker; download; original text; annotations,HIGH,Publish existing local revision; use page-filtered GSC data; keep variants on one guide
how to edit pdf on phone,Supplied Queries.csv; page association not established,0,1,50,Informational,Solve a workflow,High product fit; generic document/file queries are ambiguous,Unmeasured,/guides/how-to-edit-a-pdf-on-mobile,Secondary,PDF; Android; iPhone; file picker; download; original text; annotations,HIGH,Publish existing local revision; use page-filtered GSC data; keep variants on one guide
how to edit pdfs on phone,Supplied Queries.csv; page association not established,0,1,52,Informational,Solve a workflow,High product fit; generic document/file queries are ambiguous,Unmeasured,/guides/how-to-edit-a-pdf-on-mobile,Secondary,PDF; Android; iPhone; file picker; download; original text; annotations,HIGH,Publish existing local revision; use page-filtered GSC data; keep variants on one guide
how to edit pdf file in android,Supplied Queries.csv; page association not established,0,1,55,Informational,Solve a workflow,High product fit; generic document/file queries are ambiguous,Unmeasured,/guides/how-to-edit-a-pdf-on-mobile,Secondary,PDF; Android; iPhone; file picker; download; original text; annotations,HIGH,Publish existing local revision; use page-filtered GSC data; keep variants on one guide
how to edit a pdf document on android,Supplied Queries.csv; page association not established,0,1,56,Informational,Solve a workflow,High product fit; generic document/file queries are ambiguous,Unmeasured,/guides/how-to-edit-a-pdf-on-mobile,Secondary,PDF; Android; iPhone; file picker; download; original text; annotations,HIGH,Publish existing local revision; use page-filtered GSC data; keep variants on one guide
can i edit a pdf on my phone,Supplied Queries.csv; page association not established,0,1,66,Informational,Solve a workflow,High product fit; generic document/file queries are ambiguous,Unmeasured,/guides/how-to-edit-a-pdf-on-mobile,Secondary,PDF; Android; iPhone; file picker; download; original text; annotations,HIGH,Publish existing local revision; use page-filtered GSC data; keep variants on one guide
how to edit pdf document on phone,Supplied Queries.csv; page association not established,0,1,89,Informational,Solve a workflow,High product fit; generic document/file queries are ambiguous,Unmeasured,/guides/how-to-edit-a-pdf-on-mobile,Secondary,PDF; Android; iPhone; file picker; download; original text; annotations,HIGH,Publish existing local revision; use page-filtered GSC data; keep variants on one guide
merge img,Supplied Queries.csv; page association not established,0,1,95,Ambiguous transactional,Complete a task,"Conditional: Folio produces PDF pages, not an image collage",Unmeasured,/merge-images,Secondary,JPG; PNG; WebP; PDF; image collage,LOW,Preserve PDF-specific title; do not imply collage output
pdf editor,Supplied Queries.csv; page association not established,0,1,119,Transactional tool use,Complete a task,High product fit,Unmeasured,/edit-pdf,Secondary,PDF; text editing; annotations; browser,LOW,Long-term broad target; one impression at 119 is not enough to prioritize a rewrite
pdf bigger after compression,Page has 8 impressions at 8.25; query phrase itself not disclosed,,,,Informational,Find an answer,High product fit,Unmeasured; no numeric keyword difficulty or volume available,/guides/why-your-pdf-wont-get-smaller,Primary candidate; validate demand,PDF structure; object streams; images,HIGH,Review page-filtered queries; add measured synthetic example
why won’t my PDF get smaller,Page evidence only; query demand unmeasured,,,,Informational,Find an answer,High product fit,Unmeasured; no numeric keyword difficulty or volume available,/guides/why-your-pdf-wont-get-smaller,Primary candidate; validate demand,Compression; image resolution; file size,HIGH,"Same guide, no duplicate article"
free PDF editor no sign up,Product fit; query not disclosed,,,,Transactional tool use,Complete a task,Relevant product fit,Unmeasured; no numeric keyword difficulty or volume available,/edit-pdf,Primary candidate; validate demand,Guest session; annotations; cloud saving,MEDIUM,Publish existing accurate metadata and keep privacy disclosure
edit original PDF text online,Product fit; query not disclosed,,,,Transactional tool use,Complete a task,Relevant product fit,Unmeasured; no numeric keyword difficulty or volume available,/edit-pdf-text,Primary candidate; validate demand,Text blocks; fonts; scans; OCR limits,MEDIUM,Distinguish changing original words from adding a text box
free PDF editor comparison,Page has 5 impressions at 39.60; query not disclosed,,,,Commercial investigation,Choose a tool,Relevant product fit,Unmeasured; no numeric keyword difficulty or volume available,/guides/choose-a-free-pdf-editor,Primary candidate; validate demand,Editing; limits; storage; software choice,MEDIUM,Maintain verified comparison and actual limits
merge PDFs with different page sizes,Existing sample-backed content; demand unmeasured,,,,Informational,Find an answer,Relevant product fit,Unmeasured; no numeric keyword difficulty or volume available,/guides/merge-pdfs-different-page-sizes,Primary candidate; validate demand,A4; Letter; orientation; PDF dimensions,MEDIUM,Promote existing practice files and link to merger
extract nonconsecutive PDF pages,Existing sample-backed content; demand unmeasured,,,,Informational,Find an answer,Relevant product fit,Unmeasured; no numeric keyword difficulty or volume available,/guides/extract-nonconsecutive-pdf-pages,Primary candidate; validate demand,Page range; order; PDF extraction,MEDIUM,Use existing guide and range example
split PDF into separate files ZIP,Product fit; demand unmeasured,,,,Transactional tool use,Complete a task,Relevant product fit,Unmeasured; no numeric keyword difficulty or volume available,/split-pdf,Primary candidate; validate demand,ZIP; individual PDF pages,MEDIUM,Keep action on tool and explanation in extraction guide
PDF to PNG 300 DPI,Product fit; demand unmeasured,,,,Transactional tool use,Complete a task,Relevant product fit,Unmeasured; no numeric keyword difficulty or volume available,/pdf-to-png,Primary candidate; validate demand,DPI; raster resolution; PNG,MEDIUM,Preserve accurate resolution limits and existing sample
combine receipt photos into one PDF,Product fit; demand unmeasured,,,,Informational,Find an answer,Relevant product fit,Unmeasured; no numeric keyword difficulty or volume available,/guides/how-to-combine-images-into-pdf,Primary candidate; validate demand,Receipts; JPG; PNG; WebP; page order,MEDIUM,Expand existing receipt section only with an original example
free QR code generator PNG SVG,Page has 2 clicks from 3 impressions; query not disclosed,,,,Transactional tool use,Complete a task,Relevant product fit,Unmeasured; no numeric keyword difficulty or volume available,/create-qr-code,Primary candidate; validate demand,QR; PNG; SVG; static destination,MEDIUM,Preserve flow and explain static-code behavior
does a static QR code expire,Product fit; demand unmeasured,,,,Informational,Find an answer,Relevant product fit,Unmeasured; no numeric keyword difficulty or volume available,/blog/how-to-create-a-qr-code-for-a-link,Primary candidate; validate demand,Static QR; destination availability; short link,MEDIUM,Clarify code versus destination and existing URL-shortener option
free invoice generator PDF,Product fit; demand unmeasured,,,,Transactional tool use,Complete a task,Relevant product fit,Unmeasured; no numeric keyword difficulty or volume available,/invoice-generator,Primary candidate; validate demand,Invoice; line item; logo; PDF export,MEDIUM,Promote existing first-invoice example; do not imply payment collection
transparent signature PNG,Product fit; demand unmeasured,,,,Transactional tool use,Complete a task,Relevant product fit,Unmeasured; no numeric keyword difficulty or volume available,/signature-generator,Primary candidate; validate demand,Signature image; PNG alpha; visual signature,MEDIUM,Use existing transparent-signature guide and visible limits
does Folio upload PDF files,Page has 2 impressions at 10.50; query not disclosed,,,,Informational,Find an answer,High product fit,Unmeasured; no numeric keyword difficulty or volume available,/guides/does-folio-upload-pdf-files,Primary candidate; validate demand,Browser processing; cloud storage; guest expiry,HIGH,Publish factual correction and preserve local/server/cloud distinctions
Folio PDF tools,Brand candidate; no matching disclosed query,,,,Navigational,Find an answer,Relevant product fit,Unmeasured; no numeric keyword difficulty or volume available,/,Primary candidate; validate demand,Folio; thebestfreepdf.com; PDF toolkit,LOW,Keep consistent organization and homepage identity
