keyword,cluster,destination,intent,priority,origin,notes
free pdf,Free PDF tools,https://thebestfreepdf.com/,Discovery,Long-term,Requested,"Priority is editorial; search volume, difficulty and ranking are not measured."
best free pdf,Editor comparisons,https://thebestfreepdf.com/guides/choose-a-free-pdf-editor,Comparison,Long-term,Requested,"Priority is editorial; search volume, difficulty and ranking are not measured."
the best free pdf,Editor comparisons,https://thebestfreepdf.com/guides/choose-a-free-pdf-editor,Comparison / potentially navigational,Long-term,Requested,"Track this exact query separately from searches containing Folio. The phrase also resembles the domain; position is unverified."
the best free pdf editor,Editor comparisons,https://thebestfreepdf.com/guides/choose-a-free-pdf-editor,Comparison,Long-term,Expanded,Task-based comparison; no universal winner or ranking guarantee.
best pdf editor,Editor comparisons,https://thebestfreepdf.com/guides/choose-a-free-pdf-editor,Comparison,Long-term,Requested,"Priority is editorial; search volume, difficulty and ranking are not measured."
best pdf,Editor comparisons,https://thebestfreepdf.com/guides/choose-a-free-pdf-editor,Broad / ambiguous,Exploratory,Requested,"Priority is editorial; search volume, difficulty and ranking are not measured."
pdf editor,Online editor,https://thebestfreepdf.com/edit-pdf,Use a tool,Long-term,Requested,"Priority is editorial; search volume, difficulty and ranking are not measured."
the best pdf,Editor comparisons,https://thebestfreepdf.com/guides/choose-a-free-pdf-editor,Broad / potentially navigational,Exploratory,Requested,"Priority is editorial; search volume, difficulty and ranking are not measured."
the best pdf editor,Editor comparisons,https://thebestfreepdf.com/guides/choose-a-free-pdf-editor,Comparison,Long-term,Requested,"Priority is editorial; search volume, difficulty and ranking are not measured."
top pdf,Editor comparisons,https://thebestfreepdf.com/guides/choose-a-free-pdf-editor,Broad / ambiguous,Exploratory,Requested,"Priority is editorial; search volume, difficulty and ranking are not measured."
top pdf editor,Editor comparisons,https://thebestfreepdf.com/guides/choose-a-free-pdf-editor,Comparison,Long-term,Requested,"Priority is editorial; search volume, difficulty and ranking are not measured."
free pdf editor,Online editor,https://thebestfreepdf.com/edit-pdf,Use a tool,Near-term,Expanded,Free additions and annotations; original-text downloads are also free. Guests use private cloud storage.
free pdf editor online,Online editor,https://thebestfreepdf.com/edit-pdf,Use a tool,Near-term,Expanded,Free additions and annotations; original-text downloads are also free. Guests use private cloud storage.
edit pdf online,Online editor,https://thebestfreepdf.com/edit-pdf,Use a tool,Near-term,Expanded,Free additions and annotations; original-text downloads are also free. Guests use private cloud storage.
online pdf editor,Online editor,https://thebestfreepdf.com/edit-pdf,Use a tool,Near-term,Expanded,Free additions and annotations; original-text downloads are also free. Guests use private cloud storage.
edit pdf free,Online editor,https://thebestfreepdf.com/edit-pdf,Use a tool,Near-term,Expanded,Free additions and annotations; original-text downloads are also free. Guests use private cloud storage.
free pdf editor no watermark,Online editor,https://thebestfreepdf.com/edit-pdf,Use a tool,Near-term,Expanded,Free additions and annotations; original-text downloads are also free. Guests use private cloud storage.
pdf editor without signup,Online editor,https://thebestfreepdf.com/edit-pdf,Use a tool,Near-term,Expanded,Free additions and annotations; original-text downloads are also free. Guests use private cloud storage.
free online pdf editor no sign up,Online editor,https://thebestfreepdf.com/edit-pdf,Use a tool,Near-term,Requested,Guest editing and downloads need no account; 100 MB private cloud storage expires after 24 hours. Sign in to keep files or access them across devices.
annotate pdf online free,Online editor,https://thebestfreepdf.com/edit-pdf,Use a tool,Near-term,Expanded,Free additions and annotations; original-text downloads are also free. Guests use private cloud storage.
highlight pdf online,Online editor,https://thebestfreepdf.com/edit-pdf,Use a tool,Near-term,Expanded,Free additions and annotations; original-text downloads are also free. Guests use private cloud storage.
free pdf tools,Free PDF tools,https://thebestfreepdf.com/,Discovery,Near-term,Expanded,
free pdf tools online,Free PDF tools,https://thebestfreepdf.com/,Discovery,Near-term,Expanded,
best free pdf editor,Editor comparisons,https://thebestfreepdf.com/guides/choose-a-free-pdf-editor,Comparison,Long-term,Expanded,"Publisher documentation comparison, not a hands-on performance ranking."
best online pdf editor,Editor comparisons,https://thebestfreepdf.com/guides/choose-a-free-pdf-editor,Comparison,Long-term,Expanded,"Publisher documentation comparison, not a hands-on performance ranking."
best pdf editor for mac,Editor comparisons,https://thebestfreepdf.com/guides/choose-a-free-pdf-editor,Comparison,Long-term,Expanded,"Publisher documentation comparison, not a hands-on performance ranking."
best pdf editor for windows,Editor comparisons,https://thebestfreepdf.com/guides/choose-a-free-pdf-editor,Comparison,Long-term,Expanded,"Publisher documentation comparison, not a hands-on performance ranking."
free pdf editor comparison,Editor comparisons,https://thebestfreepdf.com/guides/choose-a-free-pdf-editor,Comparison,Long-term,Expanded,"Publisher documentation comparison, not a hands-on performance ranking."
pdf editor free vs paid,Editor comparisons,https://thebestfreepdf.com/guides/choose-a-free-pdf-editor,Comparison,Long-term,Expanded,"Publisher documentation comparison, not a hands-on performance ranking."
add text to pdf free,Add text,https://thebestfreepdf.com/guides/how-to-add-text-to-a-pdf,Instructions,Near-term,Expanded,
type on pdf,Add text,https://thebestfreepdf.com/guides/how-to-add-text-to-a-pdf,Instructions,Near-term,Expanded,
write on pdf online,Add text,https://thebestfreepdf.com/guides/how-to-add-text-to-a-pdf,Instructions,Near-term,Expanded,
insert text in pdf,Add text,https://thebestfreepdf.com/guides/how-to-add-text-to-a-pdf,Instructions,Near-term,Expanded,
add a date to pdf,Add text,https://thebestfreepdf.com/guides/how-to-add-text-to-a-pdf,Instructions,Near-term,Expanded,
edit pdf on iphone,Mobile editing,https://thebestfreepdf.com/guides/how-to-edit-a-pdf-on-mobile,Instructions,Near-term,Expanded,
edit pdf on android,Mobile editing,https://thebestfreepdf.com/guides/how-to-edit-a-pdf-on-mobile,Instructions,Near-term,Expanded,
pdf editor for mobile,Mobile editing,https://thebestfreepdf.com/guides/how-to-edit-a-pdf-on-mobile,Instructions,Near-term,Expanded,
edit pdf without installing app,Mobile editing,https://thebestfreepdf.com/guides/how-to-edit-a-pdf-on-mobile,Instructions,Near-term,Expanded,
edit existing text in pdf,Text replacement,https://thebestfreepdf.com/edit-pdf-text,Use a tool,Near-term,Expanded,Free download; embedded fonts may need fallback. Do not claim exact matching for every PDF.
change text in pdf,Text replacement,https://thebestfreepdf.com/edit-pdf-text,Use a tool,Near-term,Expanded,Free download; embedded fonts may need fallback. Do not claim exact matching for every PDF.
pdf text editor,Text replacement,https://thebestfreepdf.com/edit-pdf-text,Use a tool,Near-term,Expanded,Free download; embedded fonts may need fallback. Do not claim exact matching for every PDF.
replace text in pdf,Text replacement,https://thebestfreepdf.com/edit-pdf-text,Use a tool,Near-term,Expanded,Free download; embedded fonts may need fallback. Do not claim exact matching for every PDF.
edit pdf text same font,Text replacement,https://thebestfreepdf.com/edit-pdf-text,Use a tool,Near-term,Expanded,Free download; embedded fonts may need fallback. Do not claim exact matching for every PDF.
why can't i edit pdf text,Text troubleshooting,https://thebestfreepdf.com/guides/why-cant-i-edit-pdf-text,Troubleshooting,Near-term,Expanded,
pdf text not selectable,Text troubleshooting,https://thebestfreepdf.com/guides/why-cant-i-edit-pdf-text,Troubleshooting,Near-term,Expanded,
scanned pdf text editing,Text troubleshooting,https://thebestfreepdf.com/guides/why-cant-i-edit-pdf-text,Troubleshooting,Near-term,Expanded,Troubleshooting guide only. Folio has no OCR; do not promote an unavailable tool.
merge pdf free,Merge,https://thebestfreepdf.com/merge-pdf,Use a tool,Near-term,Expanded,
combine pdf files,Merge,https://thebestfreepdf.com/merge-pdf,Use a tool,Near-term,Expanded,
join pdf online,Merge,https://thebestfreepdf.com/merge-pdf,Use a tool,Near-term,Expanded,
merge pdf without signup,Merge,https://thebestfreepdf.com/merge-pdf,Use a tool,Near-term,Expanded,
split pdf free,Split,https://thebestfreepdf.com/split-pdf,Use a tool,Near-term,Expanded,
extract pages from pdf,Split,https://thebestfreepdf.com/split-pdf,Use a tool,Near-term,Expanded,
separate pdf pages,Split,https://thebestfreepdf.com/split-pdf,Use a tool,Near-term,Expanded,
compress pdf free,Compression,https://thebestfreepdf.com/compress-pdf,Use a tool,Near-term,Expanded,Structural optimization only; no promised target size or reduction.
reduce pdf file size,Compression,https://thebestfreepdf.com/compress-pdf,Use a tool,Near-term,Expanded,Structural optimization only; no promised target size or reduction.
pdf not getting smaller,Compression troubleshooting,https://thebestfreepdf.com/guides/why-your-pdf-wont-get-smaller,Troubleshooting,Near-term,Expanded,Structural optimization only; no promised target size or reduction.
compress pdf without losing quality,Compression troubleshooting,https://thebestfreepdf.com/guides/why-your-pdf-wont-get-smaller,Troubleshooting,Near-term,Expanded,Structural optimization only; no promised target size or reduction.
sign pdf online free,Signing,https://thebestfreepdf.com/sign-pdf,Use a tool,Near-term,Expanded,
add signature to pdf,Signing,https://thebestfreepdf.com/sign-pdf,Use a tool,Near-term,Expanded,
draw signature on pdf,Signing,https://thebestfreepdf.com/sign-pdf,Use a tool,Near-term,Expanded,
create fillable pdf free,Forms,https://thebestfreepdf.com/create-pdf-form,Use a tool,Near-term,Expanded,
add fillable fields to pdf,Forms,https://thebestfreepdf.com/create-pdf-form,Use a tool,Near-term,Expanded,
pdf to jpg free,Images,https://thebestfreepdf.com/pdf-to-jpg,Use a tool,Near-term,Expanded,
convert pdf to image,Images,https://thebestfreepdf.com/pdf-to-jpg,Use a tool,Near-term,Expanded,
pdf to png free,Images,https://thebestfreepdf.com/pdf-to-png,Use a tool,Near-term,Expanded,
pdf to png high resolution,Images,https://thebestfreepdf.com/pdf-to-png,Use a tool,Near-term,Expanded,
image to pdf free,Images,https://thebestfreepdf.com/image-to-pdf,Use a tool,Near-term,Expanded,
combine photos into pdf,Images,https://thebestfreepdf.com/image-to-pdf,Use a tool,Near-term,Expanded,
reorder pdf pages,Pages,https://thebestfreepdf.com/organize-pdf,Use a tool,Near-term,Expanded,
delete pages from pdf,Pages,https://thebestfreepdf.com/organize-pdf,Use a tool,Near-term,Expanded,
rotate pdf pages,Pages,https://thebestfreepdf.com/rotate-pdf,Use a tool,Near-term,Expanded,
online pdf,Free PDF tools,https://thebestfreepdf.com/,Discovery,Long-term,Requested,"Broad online toolkit intent. First-page visibility is an objective, not a promised ranking; no search volume or difficulty measured."
online pdf tools,Free PDF tools,https://thebestfreepdf.com/,Discovery,Near-term,Expanded,Use the homepage as the primary toolkit page.
free online pdf,Free PDF tools,https://thebestfreepdf.com/,Discovery,Near-term,Expanded,Free annotations and page tools; original-text downloads are also free.
free online pdf tools,Free PDF tools,https://thebestfreepdf.com/,Discovery,Near-term,Expanded,Free annotations and page tools; original-text downloads are also free.
merge pdf online,Merge,https://thebestfreepdf.com/merge-pdf,Use a tool,Near-term,Expanded,
split pdf online,Split,https://thebestfreepdf.com/split-pdf,Use a tool,Near-term,Expanded,
compress pdf online,Compression,https://thebestfreepdf.com/compress-pdf,Use a tool,Near-term,Expanded,Structural optimization only; no promised target size or reduction.
online pdf viewer,Online editor,https://thebestfreepdf.com/edit-pdf,Use a tool,Near-term,Expanded,"Viewing in the editor is free; documents use private cloud saving, with a 24-hour guest expiry."
extract nonconsecutive pages from pdf,Page selection,https://thebestfreepdf.com/guides/extract-nonconsecutive-pdf-pages,Instructions,Priority 1,Research 2026-09-26,Task-specific candidate; priority is editorial. Organic difficulty and search volume are unmeasured.
extract pdf pages in custom order,Page selection,https://thebestfreepdf.com/guides/extract-nonconsecutive-pdf-pages,Instructions,Priority 1,Research 2026-09-26,Task-specific candidate; priority is editorial. Organic difficulty and search volume are unmeasured.
save selected pdf pages as one file,Page selection,https://thebestfreepdf.com/guides/extract-nonconsecutive-pdf-pages,Instructions,Priority 1,Research 2026-09-26,Task-specific candidate; priority is editorial. Organic difficulty and search volume are unmeasured.
split pdf into separate files zip,Page selection,https://thebestfreepdf.com/guides/extract-nonconsecutive-pdf-pages,Instructions,Priority 1,Research 2026-09-26,Task-specific candidate; priority is editorial. Organic difficulty and search volume are unmeasured.
merge pdfs with different page sizes,Mixed page sizes,https://thebestfreepdf.com/guides/merge-pdfs-different-page-sizes,Instructions,Priority 1,Research 2026-09-26,Task-specific candidate; priority is editorial. Organic difficulty and search volume are unmeasured.
merge portrait and landscape pdf,Mixed page sizes,https://thebestfreepdf.com/guides/merge-pdfs-different-page-sizes,Instructions,Priority 1,Research 2026-09-26,Task-specific candidate; priority is editorial. Organic difficulty and search volume are unmeasured.
combine a4 and letter pdf,Mixed page sizes,https://thebestfreepdf.com/guides/merge-pdfs-different-page-sizes,Instructions,Priority 1,Research 2026-09-26,Task-specific candidate; priority is editorial. Organic difficulty and search volume are unmeasured.
merge pdf without changing page size,Mixed page sizes,https://thebestfreepdf.com/guides/merge-pdfs-different-page-sizes,Instructions,Priority 1,Research 2026-09-26,Task-specific candidate; priority is editorial. Organic difficulty and search volume are unmeasured.
pdf bigger after compression,Compression troubleshooting,https://thebestfreepdf.com/guides/why-your-pdf-wont-get-smaller,Troubleshooting,Priority 1,Research 2026-09-26,Task-specific candidate; priority is editorial. Organic difficulty and search volume are unmeasured.
why pdf file gets bigger after compression,Compression troubleshooting,https://thebestfreepdf.com/guides/why-your-pdf-wont-get-smaller,Troubleshooting,Priority 1,Research 2026-09-26,Task-specific candidate; priority is editorial. Organic difficulty and search volume are unmeasured.
compressed pdf larger than original,Compression troubleshooting,https://thebestfreepdf.com/guides/why-your-pdf-wont-get-smaller,Troubleshooting,Priority 1,Research 2026-09-26,Task-specific candidate; priority is editorial. Organic difficulty and search volume are unmeasured.
pdf still too large after compression,Compression troubleshooting,https://thebestfreepdf.com/guides/why-your-pdf-wont-get-smaller,Troubleshooting,Priority 1,Research 2026-09-26,Task-specific candidate; priority is editorial. Organic difficulty and search volume are unmeasured.
combine receipt photos into one pdf,Receipt photos,https://thebestfreepdf.com/guides/how-to-combine-images-into-pdf,Instructions,Priority 2,Research 2026-09-26,Task-specific candidate; priority is editorial. Organic difficulty and search volume are unmeasured.
combine jpg png webp into one pdf,Receipt photos,https://thebestfreepdf.com/guides/how-to-combine-images-into-pdf,Instructions,Priority 2,Research 2026-09-26,Task-specific candidate; priority is editorial. Organic difficulty and search volume are unmeasured.
make a pdf from receipt photos,Receipt photos,https://thebestfreepdf.com/guides/how-to-combine-images-into-pdf,Instructions,Priority 2,Research 2026-09-26,Task-specific candidate; priority is editorial. Organic difficulty and search volume are unmeasured.
combine receipts into pdf,Receipt photos,https://thebestfreepdf.com/guides/how-to-combine-images-into-pdf,Instructions,Priority 2,Research 2026-09-26,Task-specific candidate; priority is editorial. Organic difficulty and search volume are unmeasured.
how to convert pdf to png at 300 dpi,Image resolution,https://thebestfreepdf.com/guides/how-to-convert-pdf-to-images,Instructions,Priority 2,Research 2026-09-26,Task-specific candidate; priority is editorial. Organic difficulty and search volume are unmeasured.
pdf to png resolution settings,Image resolution,https://thebestfreepdf.com/guides/how-to-convert-pdf-to-images,Instructions,Priority 2,Research 2026-09-26,Task-specific candidate; priority is editorial. Organic difficulty and search volume are unmeasured.
pdf to png 300 dpi pixel dimensions,Image resolution,https://thebestfreepdf.com/guides/how-to-convert-pdf-to-images,Instructions,Priority 2,Research 2026-09-26,Task-specific candidate; priority is editorial. Organic difficulty and search volume are unmeasured.
convert selected pdf pages to png,Image resolution,https://thebestfreepdf.com/guides/how-to-convert-pdf-to-images,Instructions,Priority 2,Research 2026-09-26,Task-specific candidate; priority is editorial. Organic difficulty and search volume are unmeasured.
pdf to png 300 dpi,Image resolution,https://thebestfreepdf.com/pdf-to-png,Use a tool,Priority 2,Research 2026-09-26,Task-specific candidate; priority is editorial. Organic difficulty and search volume are unmeasured.
pdf to png multiple pages zip,Image resolution,https://thebestfreepdf.com/pdf-to-png,Use a tool,Priority 2,Research 2026-09-26,Task-specific candidate; priority is editorial. Organic difficulty and search volume are unmeasured.
free invoice generator,Invoices,https://thebestfreepdf.com/invoice-generator,Use a tool,Catalog coverage,Catalog review 2026-10-05,All designs and exports are free; sign-in is required only for account saving. No payment collection or tax advice.
invoice maker with logo,Invoices,https://thebestfreepdf.com/invoice-generator,Use a tool,Catalog coverage,Catalog review 2026-10-05,All designs and exports are free; sign-in is required only for account saving. No payment collection or tax advice.
free invoice pdf download,Invoices,https://thebestfreepdf.com/invoice-generator,Use a tool,Catalog coverage,Catalog review 2026-10-05,All designs and exports are free; sign-in is required only for account saving. No payment collection or tax advice.
freelance invoice generator,Invoices,https://thebestfreepdf.com/invoice-generator,Use a tool,Catalog coverage,Catalog review 2026-10-05,All designs and exports are free; sign-in is required only for account saving. No payment collection or tax advice.
edit pdf without watermark,PDF editing,https://thebestfreepdf.com/edit-pdf,Use a tool,Catalog coverage,Catalog review 2026-10-05,Free exports include supported original-text edits. Editor documents use private cloud saving.
add text and images to pdf,PDF editing,https://thebestfreepdf.com/edit-pdf,Use a tool,Catalog coverage,Catalog review 2026-10-05,Free exports include supported original-text edits. Editor documents use private cloud saving.
edit pdf text online free,PDF text editing,https://thebestfreepdf.com/edit-pdf-text,Use a tool,Catalog coverage,Catalog review 2026-10-05,Supported text blocks only; no OCR or automatic paragraph reflow.
find and replace text in pdf,PDF text editing,https://thebestfreepdf.com/edit-pdf-text,Use a tool,Catalog coverage,Catalog review 2026-10-05,Supported text blocks only; no OCR or automatic paragraph reflow.
change existing pdf text for free,PDF text editing,https://thebestfreepdf.com/edit-pdf-text,Use a tool,Catalog coverage,Catalog review 2026-10-05,Supported text blocks only; no OCR or automatic paragraph reflow.
password protect pdf free,PDF protection,https://thebestfreepdf.com/protect-pdf,Use a tool,Catalog coverage,Catalog review 2026-10-05,AES-256 opening password; unsigned unencrypted PDFs up to 10 MB and 100 pages. No password recovery.
encrypt pdf online,PDF protection,https://thebestfreepdf.com/protect-pdf,Use a tool,Catalog coverage,Catalog review 2026-10-05,AES-256 opening password; unsigned unencrypted PDFs up to 10 MB and 100 pages. No password recovery.
add opening password to pdf,PDF protection,https://thebestfreepdf.com/protect-pdf,Use a tool,Catalog coverage,Catalog review 2026-10-05,AES-256 opening password; unsigned unencrypted PDFs up to 10 MB and 100 pages. No password recovery.
merge pdf online free,PDF merging,https://thebestfreepdf.com/merge-pdf,Use a tool,Catalog coverage,Catalog review 2026-10-05,Preserves page sizes; up to 20 files and 150 MB per batch. Local standalone processing.
combine pdf files without signup,PDF merging,https://thebestfreepdf.com/merge-pdf,Use a tool,Catalog coverage,Catalog review 2026-10-05,Preserves page sizes; up to 20 files and 150 MB per batch. Local standalone processing.
join pdf files in browser,PDF merging,https://thebestfreepdf.com/merge-pdf,Use a tool,Catalog coverage,Catalog review 2026-10-05,Preserves page sizes; up to 20 files and 150 MB per batch. Local standalone processing.
compress pdf online free,PDF compression,https://thebestfreepdf.com/compress-pdf,Use a tool,Catalog coverage,Catalog review 2026-10-05,Structural optimization only. Do not promise a KB target or reduction for image-heavy PDFs.
lossless pdf optimization,PDF compression,https://thebestfreepdf.com/compress-pdf,Use a tool,Catalog coverage,Catalog review 2026-10-05,Structural optimization only. Do not promise a KB target or reduction for image-heavy PDFs.
reduce pdf size without lowering image resolution,PDF compression,https://thebestfreepdf.com/compress-pdf,Use a tool,Catalog coverage,Catalog review 2026-10-05,Structural optimization only. Do not promise a KB target or reduction for image-heavy PDFs.
split pdf online free,PDF splitting,https://thebestfreepdf.com/split-pdf,Use a tool,Catalog coverage,Catalog review 2026-10-05,Selected ranges or one PDF per page in a ZIP; no OCR.
extract selected pdf pages,PDF splitting,https://thebestfreepdf.com/split-pdf,Use a tool,Catalog coverage,Catalog review 2026-10-05,Selected ranges or one PDF per page in a ZIP; no OCR.
split pdf into individual files,PDF splitting,https://thebestfreepdf.com/split-pdf,Use a tool,Catalog coverage,Catalog review 2026-10-05,Selected ranges or one PDF per page in a ZIP; no OCR.
rotate pdf online free,PDF rotation,https://thebestfreepdf.com/rotate-pdf,Use a tool,Catalog coverage,Catalog review 2026-10-05,Page rotation is saved to the exported file; original content is not resampled.
rotate one page in pdf,PDF rotation,https://thebestfreepdf.com/rotate-pdf,Use a tool,Catalog coverage,Catalog review 2026-10-05,Page rotation is saved to the exported file; original content is not resampled.
save rotated pdf pages,PDF rotation,https://thebestfreepdf.com/rotate-pdf,Use a tool,Catalog coverage,Catalog review 2026-10-05,Page rotation is saved to the exported file; original content is not resampled.
organize pdf pages free,PDF organization,https://thebestfreepdf.com/organize-pdf,Use a tool,Catalog coverage,Catalog review 2026-10-05,Visual page workspace; editor files use private cloud saving.
reorder pdf pages online,PDF organization,https://thebestfreepdf.com/organize-pdf,Use a tool,Catalog coverage,Catalog review 2026-10-05,Visual page workspace; editor files use private cloud saving.
delete pages from pdf free,PDF organization,https://thebestfreepdf.com/organize-pdf,Use a tool,Catalog coverage,Catalog review 2026-10-05,Visual page workspace; editor files use private cloud saving.
watermark pdf online free,PDF watermarks,https://thebestfreepdf.com/watermark-pdf,Use a tool,Catalog coverage,Catalog review 2026-10-05,Centered text watermarks with color and opacity controls. No watermark removal or copy protection.
add draft watermark to pdf,PDF watermarks,https://thebestfreepdf.com/watermark-pdf,Use a tool,Catalog coverage,Catalog review 2026-10-05,Centered text watermarks with color and opacity controls. No watermark removal or copy protection.
add text watermark to selected pdf pages,PDF watermarks,https://thebestfreepdf.com/watermark-pdf,Use a tool,Catalog coverage,Catalog review 2026-10-05,Centered text watermarks with color and opacity controls. No watermark removal or copy protection.
add page numbers to pdf free,PDF numbering,https://thebestfreepdf.com/page-numbers,Use a tool,Catalog coverage,Catalog review 2026-10-05,Centered footer numbers on selected pages; starting number can be changed.
number pdf pages after cover,PDF numbering,https://thebestfreepdf.com/page-numbers,Use a tool,Catalog coverage,Catalog review 2026-10-05,Centered footer numbers on selected pages; starting number can be changed.
pdf page numbering starting number,PDF numbering,https://thebestfreepdf.com/page-numbers,Use a tool,Catalog coverage,Catalog review 2026-10-05,Centered footer numbers on selected pages; starting number can be changed.
crop pdf online free,PDF cropping,https://thebestfreepdf.com/crop-pdf,Use a tool,Catalog coverage,Catalog review 2026-10-05,Changes visible page area; cropping does not securely redact hidden content.
trim pdf margins,PDF cropping,https://thebestfreepdf.com/crop-pdf,Use a tool,Catalog coverage,Catalog review 2026-10-05,Changes visible page area; cropping does not securely redact hidden content.
crop selected pdf pages,PDF cropping,https://thebestfreepdf.com/crop-pdf,Use a tool,Catalog coverage,Catalog review 2026-10-05,Changes visible page area; cropping does not securely redact hidden content.
pdf to jpg converter free,PDF images,https://thebestfreepdf.com/pdf-to-jpg,Use a tool,Catalog coverage,Catalog review 2026-10-05,Export one selected page or multiple pages in a ZIP; text becomes pixels.
pdf to jpeg 300 dpi,PDF images,https://thebestfreepdf.com/pdf-to-jpg,Use a tool,Catalog coverage,Catalog review 2026-10-05,Export one selected page or multiple pages in a ZIP; text becomes pixels.
convert pdf pages to jpg zip,PDF images,https://thebestfreepdf.com/pdf-to-jpg,Use a tool,Catalog coverage,Catalog review 2026-10-05,Export one selected page or multiple pages in a ZIP; text becomes pixels.
pdf to png converter free,PDF images,https://thebestfreepdf.com/pdf-to-png,Use a tool,Catalog coverage,Catalog review 2026-10-05,White background and up to 300 DPI; does not recover detail missing from the source.
export pdf pages as png zip,PDF images,https://thebestfreepdf.com/pdf-to-png,Use a tool,Catalog coverage,Catalog review 2026-10-05,White background and up to 300 DPI; does not recover detail missing from the source.
image to pdf converter free,Image documents,https://thebestfreepdf.com/image-to-pdf,Use a tool,Catalog coverage,Catalog review 2026-10-05,One image per PDF page; use A4 or fit-to-image. No HEIC or OCR.
convert jpg png webp to pdf,Image documents,https://thebestfreepdf.com/image-to-pdf,Use a tool,Catalog coverage,Catalog review 2026-10-05,One image per PDF page; use A4 or fit-to-image. No HEIC or OCR.
photos to pdf without signup,Image documents,https://thebestfreepdf.com/image-to-pdf,Use a tool,Catalog coverage,Catalog review 2026-10-05,One image per PDF page; use A4 or fit-to-image. No HEIC or OCR.
pdf to text converter free,Text extraction,https://thebestfreepdf.com/pdf-to-text,Use a tool,Catalog coverage,Catalog review 2026-10-05,Requires an existing text layer; not OCR. Tables and columns can change reading order.
extract selectable text from pdf,Text extraction,https://thebestfreepdf.com/pdf-to-text,Use a tool,Catalog coverage,Catalog review 2026-10-05,Requires an existing text layer; not OCR. Tables and columns can change reading order.
pdf to txt online,Text extraction,https://thebestfreepdf.com/pdf-to-text,Use a tool,Catalog coverage,Catalog review 2026-10-05,Requires an existing text layer; not OCR. Tables and columns can change reading order.
type signature on pdf,PDF signing,https://thebestfreepdf.com/sign-pdf,Use a tool,Catalog coverage,Catalog review 2026-10-05,Visual signatures; no digital certificate or identity verification.
free signature generator,Signature images,https://thebestfreepdf.com/signature-generator,Use a tool,Catalog coverage,Catalog review 2026-10-05,Local PNG creation; white removal does not remove all shadows or colored paper. Not certificate signing.
transparent signature png,Signature images,https://thebestfreepdf.com/signature-generator,Use a tool,Catalog coverage,Catalog review 2026-10-05,Local PNG creation; white removal does not remove all shadows or colored paper. Not certificate signing.
handwritten signature maker,Signature images,https://thebestfreepdf.com/signature-generator,Use a tool,Catalog coverage,Catalog review 2026-10-05,Local PNG creation; white removal does not remove all shadows or colored paper. Not certificate signing.
remove white background from signature,Signature images,https://thebestfreepdf.com/signature-generator,Use a tool,Catalog coverage,Catalog review 2026-10-05,Local PNG creation; white removal does not remove all shadows or colored paper. Not certificate signing.
pdf form builder online,PDF forms,https://thebestfreepdf.com/create-pdf-form,Use a tool,Catalog coverage,Catalog review 2026-10-05,Standard form fields; check exported behavior in the recipient reader.
add checkbox to pdf,PDF forms,https://thebestfreepdf.com/create-pdf-form,Use a tool,Catalog coverage,Catalog review 2026-10-05,Standard form fields; check exported behavior in the recipient reader.
add dropdown to pdf form,PDF forms,https://thebestfreepdf.com/create-pdf-form,Use a tool,Catalog coverage,Catalog review 2026-10-05,Standard form fields; check exported behavior in the recipient reader.
jpg to webp converter free,Image conversion,https://thebestfreepdf.com/jpg-to-webp,Use a tool,Catalog coverage,Catalog review 2026-10-05,Local batch conversion with quality and dimensions controls; avoid promises of lossless JPG-to-WebP output.
batch convert jpg to webp,Image conversion,https://thebestfreepdf.com/jpg-to-webp,Use a tool,Catalog coverage,Catalog review 2026-10-05,Local batch conversion with quality and dimensions controls; avoid promises of lossless JPG-to-WebP output.
jpeg to webp online,Image conversion,https://thebestfreepdf.com/jpg-to-webp,Use a tool,Catalog coverage,Catalog review 2026-10-05,Local batch conversion with quality and dimensions controls; avoid promises of lossless JPG-to-WebP output.
webp to jpg converter free,Image conversion,https://thebestfreepdf.com/webp-to-jpg,Use a tool,Catalog coverage,Catalog review 2026-10-05,JPG does not retain transparency; transparent areas become white.
batch webp to jpg,Image conversion,https://thebestfreepdf.com/webp-to-jpg,Use a tool,Catalog coverage,Catalog review 2026-10-05,JPG does not retain transparency; transparent areas become white.
webp to jpeg online,Image conversion,https://thebestfreepdf.com/webp-to-jpg,Use a tool,Catalog coverage,Catalog review 2026-10-05,JPG does not retain transparency; transparent areas become white.
free image compressor,Image compression,https://thebestfreepdf.com/compress-images,Use a tool,Catalog coverage,Catalog review 2026-10-05,"Targets apply per successful image, not the ZIP. Smaller targets may reduce dimensions."
compress image to 20kb,Image compression,https://thebestfreepdf.com/compress-images,Use a tool,Catalog coverage,Catalog review 2026-10-05,"Targets apply per successful image, not the ZIP. Smaller targets may reduce dimensions."
compress image to 50kb,Image compression,https://thebestfreepdf.com/compress-images,Use a tool,Catalog coverage,Catalog review 2026-10-05,"Targets apply per successful image, not the ZIP. Smaller targets may reduce dimensions."
compress image to 100kb,Image compression,https://thebestfreepdf.com/compress-images,Use a tool,Catalog coverage,Catalog review 2026-10-05,"Targets apply per successful image, not the ZIP. Smaller targets may reduce dimensions."
batch compress jpg png webp,Image compression,https://thebestfreepdf.com/compress-images,Use a tool,Catalog coverage,Catalog review 2026-10-05,"Targets apply per successful image, not the ZIP. Smaller targets may reduce dimensions."
free image enhancer,Image enhancement,https://thebestfreepdf.com/enhance-image,Use a tool,Catalog coverage,Catalog review 2026-10-05,"Manual brightness, contrast, saturation and sharpening. No AI reconstruction or super-resolution."
adjust photo brightness online,Image enhancement,https://thebestfreepdf.com/enhance-image,Use a tool,Catalog coverage,Catalog review 2026-10-05,"Manual brightness, contrast, saturation and sharpening. No AI reconstruction or super-resolution."
sharpen image online,Image enhancement,https://thebestfreepdf.com/enhance-image,Use a tool,Catalog coverage,Catalog review 2026-10-05,"Manual brightness, contrast, saturation and sharpening. No AI reconstruction or super-resolution."
adjust image contrast,Image enhancement,https://thebestfreepdf.com/enhance-image,Use a tool,Catalog coverage,Catalog review 2026-10-05,"Manual brightness, contrast, saturation and sharpening. No AI reconstruction or super-resolution."
jpg to pdf converter free,Image documents,https://thebestfreepdf.com/jpg-to-pdf,Use a tool,Catalog coverage,Catalog review 2026-10-05,JPG-focused input page; general mixed-format queries belong to image-to-pdf.
multiple jpg photos to pdf,Image documents,https://thebestfreepdf.com/jpg-to-pdf,Use a tool,Catalog coverage,Catalog review 2026-10-05,JPG-focused input page; general mixed-format queries belong to image-to-pdf.
jpeg to pdf a4,Image documents,https://thebestfreepdf.com/jpg-to-pdf,Use a tool,Catalog coverage,Catalog review 2026-10-05,JPG-focused input page; general mixed-format queries belong to image-to-pdf.
png to pdf converter free,Image documents,https://thebestfreepdf.com/png-to-pdf,Use a tool,Catalog coverage,Catalog review 2026-10-05,"PNG-focused input page; one image per PDF page, no OCR."
screenshots to pdf online,Image documents,https://thebestfreepdf.com/png-to-pdf,Use a tool,Catalog coverage,Catalog review 2026-10-05,"PNG-focused input page; one image per PDF page, no OCR."
combine png files into pdf,Image documents,https://thebestfreepdf.com/png-to-pdf,Use a tool,Catalog coverage,Catalog review 2026-10-05,"PNG-focused input page; one image per PDF page, no OCR."
merge images into one pdf,Image documents,https://thebestfreepdf.com/merge-images,Use a tool,Catalog coverage,Catalog review 2026-10-05,"Output is a multi-page PDF, not a photo collage, stitched image or PNG."
combine images as pdf pages,Image documents,https://thebestfreepdf.com/merge-images,Use a tool,Catalog coverage,Catalog review 2026-10-05,"Output is a multi-page PDF, not a photo collage, stitched image or PNG."
merge pictures into pdf free,Image documents,https://thebestfreepdf.com/merge-images,Use a tool,Catalog coverage,Catalog review 2026-10-05,"Output is a multi-page PDF, not a photo collage, stitched image or PNG."
free qr code generator,QR codes,https://thebestfreepdf.com/create-qr-code,Use a tool,Catalog coverage,Catalog review 2026-10-05,"Static URL, text or Wi-Fi QR codes; no scan analytics or logo overlays. Destination availability still matters."
wifi qr code generator,QR codes,https://thebestfreepdf.com/create-qr-code,Use a tool,Catalog coverage,Catalog review 2026-10-05,"Static URL, text or Wi-Fi QR codes; no scan analytics or logo overlays. Destination availability still matters."
qr code svg download,QR codes,https://thebestfreepdf.com/create-qr-code,Use a tool,Catalog coverage,Catalog review 2026-10-05,"Static URL, text or Wi-Fi QR codes; no scan analytics or logo overlays. Destination availability still matters."
static qr code no expiry,QR codes,https://thebestfreepdf.com/create-qr-code,Use a tool,Catalog coverage,Catalog review 2026-10-05,"Static URL, text or Wi-Fi QR codes; no scan analytics or logo overlays. Destination availability still matters."
text to qr code,QR codes,https://thebestfreepdf.com/create-qr-code,Use a tool,Catalog coverage,Catalog review 2026-10-05,"Static URL, text or Wi-Fi QR codes; no scan analytics or logo overlays. Destination availability still matters."
free url shortener,Short links,https://thebestfreepdf.com/url-shortener,Use a tool,Catalog coverage,Catalog review 2026-10-05,"Account required; 1,000 saved links. No custom-domain, analytics or unlimited-link claims."
custom short link free,Short links,https://thebestfreepdf.com/url-shortener,Use a tool,Catalog coverage,Catalog review 2026-10-05,"Account required; 1,000 saved links. No custom-domain, analytics or unlimited-link claims."
short link editable destination,Short links,https://thebestfreepdf.com/url-shortener,Use a tool,Catalog coverage,Catalog review 2026-10-05,"Account required; 1,000 saved links. No custom-domain, analytics or unlimited-link claims."
url shortener with qr code,Short links,https://thebestfreepdf.com/url-shortener,Use a tool,Catalog coverage,Catalog review 2026-10-05,"Account required; 1,000 saved links. No custom-domain, analytics or unlimited-link claims."
