"tool","canonical_url","checked_date","search_query","reviewed_result_url","other_returned_url_1","other_returned_url_2","first_content_focus","work_priority","practical_opportunity","product_limit"
"edit-pdf","https://thebestfreepdf.com/edit-pdf","2026-10-05","free pdf editor online","https://edipdf.com/","https://katanapdf.com/","https://www.flarepdf.com/","add text to PDF online free","Maintain","Show annotation placement and mobile download steps","Cloud saving; annotations differ from replacing original text"
"edit-pdf-text","https://thebestfreepdf.com/edit-pdf-text","2026-10-05","edit existing pdf text online free","https://pdffreeeditor.com/edit-pdf/","https://realpdfeditor.com/edit-pdf-text/","https://keypdf.net/","edit existing PDF text online free","First","Show a real before-and-after text replacement","No OCR; no automatic paragraph reflow"
"merge-pdf","https://thebestfreepdf.com/merge-pdf","2026-10-05","merge pdf online free","https://tools.pdf24.org/en/merge-pdf","https://umypdf.com/merge","https://www.oneclickpdf.net/tools/merge","merge portrait and landscape PDF","Maintain","Demonstrate preserved mixed page sizes","Copying pages can affect forms and signatures"
"split-pdf","https://thebestfreepdf.com/split-pdf","2026-10-05","split pdf extract pages free","https://realpdfeditor.com/split-pdf/","https://draftfort.com/tools/split-pdf","https://toolcrix.com/split-pdf/","extract non consecutive PDF pages","First","Demonstrate 6,2-3 and output order with a reusable sample","File positions differ from printed page labels"
"compress-pdf","https://thebestfreepdf.com/compress-pdf","2026-10-05","compress pdf","https://smallpdf.com/compress-pdf","https://tools.pdf24.org/en/compress-pdf","https://squeezepdf.com/","lossless PDF optimization online","Maintain","Show measured input and output sizes without a promised ratio","No image downsampling or target PDF size guarantee"
"organize-pdf","https://thebestfreepdf.com/organize-pdf","2026-10-05","organize pdf pages","https://www.w3schools.com/tools/tool_pdf_organize.php","https://helpx.adobe.com/acrobat/desktop/edit-documents/organize-pages/move-pages.html","https://www.pixquil.com/organize-pdf/","reorder PDF pages and delete pages","Maintain","Show final page count and thumbnails","Cloud editor; retain an original copy"
"rotate-pdf","https://thebestfreepdf.com/rotate-pdf","2026-10-05","rotate pdf","https://www.ilovepdf.com/rotate_pdf","https://drawncolor.com/pdf/rotate-pdf","https://tools.foliadocs.com/rotate-pdf","rotate one page in PDF permanently","First","Provide a sideways-page file and verify saved rotation","90/180/270 degrees; no arbitrary-angle deskew"
"crop-pdf","https://thebestfreepdf.com/crop-pdf","2026-10-05","crop pdf online","https://tools.pdf24.org/en/crop-pdf","https://www.adobe.com/acrobat/online/crop-pdf.html?msockid=1910bb6534476a3a337eadde35636bcd","https://itsmypdf.com/crop-pdf","crop PDF margins online free","Maintain","Explain points and equal-edge crop with a preview","Equal margins only; cropping is not redaction"
"watermark-pdf","https://thebestfreepdf.com/watermark-pdf","2026-10-05","watermark pdf","https://helpx.adobe.com/acrobat/desktop/edit-documents/add-backgrounds-and-watermarks/add-watermarks.html","https://www.pixquil.com/watermark-pdf/","https://www.pdfwix.com/watermark","watermark selected PDF pages","Maintain","Show cover exclusion and readable text watermark settings","Text watermark only; not logo or watermark removal"
"page-numbers","https://thebestfreepdf.com/page-numbers","2026-10-05","add page numbers to pdf","https://www.w3schools.com/tools/tool_pdf_page_numbers.php","https://omypdf.com/add-page-numbers-to-pdf","https://anyresource.org/pdf/page-numbers","add PDF page numbers after cover","First","Provide an unnumbered packet and verify 1-5 after cover","Does not remove existing numbers or change navigation labels"
"protect-pdf","https://thebestfreepdf.com/protect-pdf","2026-10-05","password protect pdf","https://experienceleague.adobe.com/en/docs/document-cloud-learn/acrobat-learning/get-started/tools/password-protect?lang=en","https://experienceleague.adobe.com/en/docs/document-cloud-learn/acrobat-learning/get-started/tools/password-protect","https://helpx.adobe.com/acrobat/desktop/protect-documents/protect-with-passwords/add-passwords-to-pdfs.html","add opening password to PDF free","Maintain","Explain opening-password workflow and test downloaded file","No password recovery; avoid unverified security guarantees"
"pdf-to-jpg","https://thebestfreepdf.com/pdf-to-jpg","2026-10-05","pdf to jpg","https://www.ilovepdf.com/pdf_to_jpg","https://pdfviz.com/pdf-to-jpg/","https://panpdf.org/pdf-to-jpg/","convert selected PDF pages to JPG","Maintain","Explain page selection and single image versus ZIP","Whole-page rendering; not embedded-image extraction"
"pdf-to-png","https://thebestfreepdf.com/pdf-to-png","2026-10-05","pdf to png","https://neoreader.com/pdf-to-png","https://smallpdf.com/pdf-to-png","https://pdfviz.com/pdf-to-png/","PDF to PNG 300 DPI","First","Show physical-size-to-pixels example with downloadable PDF","Higher DPI cannot restore source detail"
"pdf-to-text","https://thebestfreepdf.com/pdf-to-text","2026-10-05","pdf to text","https://www.pixquil.com/pdf-to-text/","https://panpdf.org/pdf-to-text/","https://www.w3schools.com/tools/tool_pdf_to_text.php","extract selectable text from PDF","Maintain","Explain reading order and text-only download","No OCR; not spreadsheet reconstruction"
"image-to-pdf","https://thebestfreepdf.com/image-to-pdf","2026-10-05","image to pdf","https://www.adobe.com/acrobat/online/image-to-pdf.html","https://www.w3schools.com/tools/tool_image_to_pdf.php","https://pdftry.com/image-to-pdf","JPG and PNG to one PDF","Maintain","Show mixed-format example and A4 versus fit sizing","No OCR; unsupported HEIC needs conversion first"
"jpg-to-pdf","https://thebestfreepdf.com/jpg-to-pdf","2026-10-05","jpg to pdf","https://tools.pdf24.org/en/jpg-to-pdf","https://www.ilovepdf.com/jpg_to_pdf","https://www.pdfwix.com/jpg-to-pdf","JPG receipts to PDF","Maintain","Show receipt ordering and clipping checks","One image per page; not receipt recognition"
"png-to-pdf","https://thebestfreepdf.com/png-to-pdf","2026-10-05","png to pdf","https://tools.pdf24.org/en/png-to-pdf","https://pdfviz.com/png-to-pdf/","https://smallpdf.com/png-to-pdf","screenshots to PDF","Maintain","Explain fitting screenshots without stretching","Image content remains nonselectable"
"merge-images","https://thebestfreepdf.com/merge-images","2026-10-05","merge images to pdf","https://imgpdf.dev/merge-images-to-pdf","https://utills.in/image/to-pdf/merge-images-to-pdf/","https://imagematrix.net/images-to-pdf","merge mixed images into one PDF","Maintain","Explain one-image-per-page output with three formats","Not an image collage or stitched JPG"
"compress-images","https://thebestfreepdf.com/compress-images","2026-10-05","compress image to 20kb","https://pocketweb.tools/compress-image-to-20kb","https://nutoolz.com/tools/image-compressor/20kb","https://kbsize.com/compress-image-to-20kb/","compress image to 20 KB","First","Show 20/50/100 KB, accepted format and size/dimension checks","Quality and dimensions may reduce; not target-size PDF compression"
"enhance-image","https://thebestfreepdf.com/enhance-image","2026-10-05","enhance image online free","https://enhance-picture.com/","https://utills.in/image/enhance/","https://enhance-picture.com/enhance-photo-free","adjust image brightness and sharpness online","Maintain","Show restrained adjustments and side-by-side comparison","No AI upscaling or detail reconstruction"
"jpg-to-webp","https://thebestfreepdf.com/jpg-to-webp","2026-10-05","jpg to webp","https://aremlabs.com/image/jpg-to-webp/","https://www.tryimager.com/tools/jpg-to-webp","https://pix-tools.com/convert/jpg-to-webp","batch JPG to WebP free","First","Compare actual file sizes with unchanged dimensions","Smaller file size is not guaranteed"
"webp-to-jpg","https://thebestfreepdf.com/webp-to-jpg","2026-10-05","webp to jpg","https://www.w3schools.com/tools/tool_webp_to_jpg.php","https://www.innerscene.com/tools/webp-to-jpg","https://properconversion.com/tools/webp-to-jpg/","WebP to JPG white background","First","Provide a transparent sample and explain white background","JPG loses transparency; still-image output"
"signature-generator","https://thebestfreepdf.com/signature-generator","2026-10-05","signature generator transparent png","https://tulzoo.com/signature-generator/","https://runfreetools.com/signature-generator","https://utilorax.com/tools/signature-generator","transparent signature PNG generator","First","Show drawing or typing and transparent PNG output","Not a certificate or identity verification"
"sign-pdf","https://thebestfreepdf.com/sign-pdf","2026-10-05","sign pdf online free","https://tools.pdf24.org/en/sign-pdf","https://openpdf.app/sign/","https://justsign.org/sign-a-pdf/","sign PDF with transparent signature","Maintain","Show placement and reopened output","Visual signing; private cloud saving"
"create-pdf-form","https://thebestfreepdf.com/create-pdf-form","2026-10-05","create fillable pdf free","https://formester.com/tools/fillable-pdf-creator/","https://tools.pdf24.org/en/make-pdf-fillable","https://pdfkitt.com/create-pdf-form/","create fillable PDF text fields and checkboxes","First","Demonstrate unique names and fillable versus flattened output","PDF-reader compatibility varies"
"invoice-generator","https://thebestfreepdf.com/invoice-generator","2026-10-05","free invoice generator","https://paidpilot.io/","https://omnibus.tools/invoice-generator","https://www.makemyinvoice.net/","free freelance invoice with deposit","First","Show checked subtotal, deposit and balance example","Does not collect payment or provide tax advice"
"url-shortener","https://thebestfreepdf.com/url-shortener","2026-10-05","free url shortener custom alias","https://tinyur.in/","https://www.slighturl.com/","https://mek.so/url-shortener","free custom short link edit destination","Maintain","Demonstrate a saved alias with an updated destination","Requires account; depends on hosted redirect service"
"create-qr-code","https://thebestfreepdf.com/create-qr-code","2026-10-05","free qr code generator no expiration","https://www.qrcode.io/","https://openqr.tech/?mode=barcode","https://www.scanstone.ca/qr-code-generator","static QR code SVG free no subscription","First","Explain direct destinations and test printed SVG/PNG","Static content fixed; linked website must stay available"
